seed,log-vrais.,itérations,mu_0,sigma_0,mu_1,sigma_1,a_00,a_11
0,-4466.971239902441,23,-0.05818508208453194,2.5279417608406716,0.06989681764899372,0.690701954609391,0.9580832828380733,0.9832867302454622
1,-4466.971356731247,52,-0.05818723262760232,2.527939917495272,0.06989758953364775,0.6907073308927816,0.9580900445107507,0.9832896486395022
2,-4466.971239295643,31,-0.05818600363470596,2.527941694615194,0.06989710104835609,0.6907047906897014,0.9580868963050924,0.9832882101173697
3,-4466.971242558233,13,0.069897030655194,0.6907039038442728,-0.05818588851249497,2.527942872272176,0.9832876070370797,0.9580853444249254
4,-4466.971284932749,13,0.0698971373926785,0.6907042162602769,-0.05818601248134241,2.5279413338064445,0.9832879197249521,0.9580860293087373
5,-4466.971239918398,25,0.06989688104923071,0.6907025820169541,-0.0581852911846261,2.527941777616799,0.9832870537950124,0.9580840703043384
6,-4466.971240048554,19,-0.05818537167776322,2.527941897241316,0.06989690197276231,0.6907027752246527,0.9580842721207248,0.983287139678595
7,-4466.971243640515,27,0.0698968027877205,0.6907017357637613,-0.05818501920794297,2.527941679891806,0.9832866234354134,0.9580830125362203
8,-4466.971240395683,20,0.06989697916281336,0.6907035547440267,-0.058185603113696985,2.527941696170597,0.983287567852308,0.9580853261336496
9,-4466.97127632242,10,-0.0581871532179487,2.5279447379699227,0.06989737528368471,0.6907064273966399,0.9580876877978828,0.9832886675577415
