variante,régime,freq,ret_moyen_%,vol_moyenne
"prix brut, Viterbi (= papier)",0,0.4463886820551005,0.044477383126237086,0.9357947779149254
"prix brut, Viterbi (= papier)",1,0.4251675353685778,0.041310163168644144,3.470390762140383
"prix brut, Viterbi (= papier)",2,0.12844378257632166,-0.06600020310820771,13.63465684446678
"prix brut, lissée (argmax)",0,0.4422933730454207,0.03840148177798548,0.9264197806680904
"prix brut, lissée (argmax)",1,0.42814594192107225,0.05004655463872111,3.4445843290186273
"prix brut, lissée (argmax)",2,0.12956068503350707,-0.07310338951769488,13.584201501782296
"prix brut, filtrée (argmax)",0,0.43670886075949367,0.05270429197144197,0.9220738874990374
"prix brut, filtrée (argmax)",1,0.4352196574832465,0.03178993946612331,3.4382313413846517
"prix brut, filtrée (argmax)",2,0.12807148175725985,-0.06177341594122492,13.628708407878845
"prix ajusté, Viterbi",0,0.45309009679821294,0.057960788294405687,0.582575713175749
"prix ajusté, Viterbi",1,0.43149664929262843,0.04525136636019522,2.1752339977599466
"prix ajusté, Viterbi",2,0.1154132539091586,-0.07602811450071946,8.656197155455196
