Date,calme,intermédiaire,crise,crise (variable du papier)
2017,1.0,0.0,0.0,0.0
2018,0.5378486055776892,0.32270916334661354,0.1394422310756972,0.4900398406374502
2019,0.6071428571428571,0.32142857142857145,0.07142857142857142,0.32142857142857145
2020,0.22529644268774704,0.34782608695652173,0.4268774703557312,0.6324110671936759
2021,0.4801587301587302,0.5,0.01984126984126984,0.3888888888888889
2022,0.0,0.4262948207171315,0.5737051792828686,0.9561752988047809
2023,0.38,0.62,0.0,0.484
2024,0.5317460317460317,0.4246031746031746,0.04365079365079365,0.32936507936507936
2025,0.4,0.472,0.128,0.356
2026,0.3433734939759036,0.6204819277108434,0.03614457831325301,0.40963855421686746
